{
  "type": "minecraft:crafting_shaped",
  "pattern": [
    "XXX",
    "XGX",
    "*R*"
  ],
  "key": {
    "X": {
      "item": "minecraft:glass"
    },
    "G": {
      "item": "minecraft:gold_ingot"
    },
    "R": {
      "item": "minecraft:redstone"
    },
    "*": [
      {
        "item": "minecraft:planks",
        "data": 0
      },
      {
        "item": "minecraft:planks",
        "data": 1
      },
      {
        "item": "minecraft:planks",
        "data": 2
      },
      {
        "item": "minecraft:planks",
        "data": 3
      },
      {
        "item": "minecraft:planks",
        "data": 4
      },
      {
        "item": "minecraft:planks",
        "data": 5
      }
    ]
  },
  "result": {
    "item": "vending:vendingMachine",
    "data": 3
  }
}
